<?xml version="1.0" encoding="UTF-8"?>
<!DOCTYPE suite SYSTEM "https://testng.org/testng-1.0.dtd">
<suite name="DemoSuite">
    <parameter name="browserName" value="chrome"/>
    <parameter name="url" value="https://me.northeastern.edu/"/>
    <parameter name="url2" value ="https://canvas.northeastern.edu/"></parameter>
    <parameter name="url3" value = " https://onesearch.library.northeastern.edu/discovery/search?vid=01NEU_INST:NU"/>
    <parameter name = "url4" value = "https://nubanner.neu.edu/ssomanager/c/SSB?pkg=bwskotrn.P_ViewTermTran"/>
    <parameter name="username" value="pothireddygari.s@northeastern.edu"/>
    <parameter name="password" value="RaghuLavu@123Sonu"/>
    <parameter name="loginname" value="pothireddygari.s"/>
    <parameter name="sleepTime" value="8000"/>
      <test name="NortheasternLoginTest">
        <classes>
            <class name="Assignment.Testclass">
                <methods>
                    <include name="InitialiseBrowser"/>
                    <include name="LaunchApp"/>
                   <include name ="Screenshot"/>
                    <include name="EnterLoginDetails"/>
                    <include name = "Transcript"/>
                </methods>
            </class>
        </classes>
  </test> 
       <test name="T2">
        <classes>
            <class name="Assignment.Scenario2">
                <methods>
                    <include name="InitialiseBrowser"/>
                    <include name="LaunchApp"/>
                    <include name="EnterLoginDetails"/>
                    
                </methods>
            </class>
        </classes>
    </test>
       <test name="T3">
        <classes>
            <class name="Assignment.S3">
                <methods>
                    <include name="InitialiseBrowser"/>
                    <include name="LaunchApp"/>
                    <include name="Launch"/>
                    <include name = "clickonhealthsciencecenter()"/>
                    
                </methods>
            </class>
        </classes>
    </test>
    <test name="T4">
        <classes>
            <class name="Assignment.S4">
                <methods>
                    <include name="InitialiseBrowser"/>
                    <include name="LaunchApp"/>
                    <include name="Launch"/>
                    <include name = "scrolldown"/>
                    
                </methods>
            </class>
        </classes>
    </test>     
    <test name ="T5">
    <classes>
    <class name="Assignment.S5">
    <methods>
    <include name="InitialiseBrowser"/>
                    <include name="LaunchApp"/>
                    <include name="Launch"/>
                    <include name = "scrolldown"/>
                     <include name="EnterLoginDetails"/>
    </methods>
    </class>
    </classes>
    </test>
</suite>
